"UN Region","Year","Prevalence of anaemia in pregnant women (aged 15-49) (%)","Number of pregnant women (aged 15-49 years) with anaemia (thousands)"
"World"," 2019","36.5 [34.0-39.1]","31962 [29759-34241]"
"World"," 2018","36.5 [34.2-38.9]","32002 [30018-34080]"
"World"," 2017","36.5 [34.5-38.7]","32065 [30278-33980]"
"World"," 2016","36.6 [34.7-38.6]","32108 [30478-33895]"
"World"," 2015","36.6 [34.8-38.5]","32150 [30579-33806]"
"World"," 2014","36.7 [35.0-38.5]","32205 [30699-33767]"
"World"," 2013","36.9 [35.2-38.6]","32287 [30803-33815]"
"World"," 2012","37.0 [35.3-38.7]","32397 [30852-33875]"
"World"," 2011","37.3 [35.5-38.9]","32535 [31015-33957]"
"World"," 2010","37.6 [35.8-39.2]","32702 [31167-34090]"
"World"," 2009","38.0 [36.2-39.6]","32916 [31381-34341]"
"World"," 2008","38.4 [36.6-40.0]","33140 [31627-34566]"
"World"," 2007","38.8 [37.0-40.4]","33338 [31816-34728]"
"World"," 2006","39.2 [37.4-40.8]","33500 [31971-34896]"
"World"," 2005","39.5 [37.8-41.2]","33633 [32145-35078]"
"World"," 2004","39.9 [38.1-41.6]","33748 [32239-35240]"
"World"," 2003","40.2 [38.3-42.0]","33820 [32292-35351]"
"World"," 2002","40.4 [38.5-42.4]","33871 [32265-35519]"
"World"," 2001","40.6 [38.6-42.7]","33961 [32227-35673]"
"World"," 2000","40.9 [38.7-43.1]","34117 [32262-35934]"
"Africa (2)"," 2020","44 [41.1-47.1]","12155 [11324-12985]"
"Africa (2)"," 2019","44 [41.4-46.7]","12010 [11292-12727]"
"Africa (2)"," 2018","44 [41.9-46.5]","11906 [11278-12539]"
"Africa (2)"," 2017","44 [42.2-46.4]","11809 [11243-12355]"
"Africa (2)"," 2016","45 [42.5-46.4]","11715 [11205-12220]"
"Africa (2)"," 2015","45 [42.8-46.4]","11622 [11143-12097]"
"Africa (2)"," 2014","45 [43-46.5]","11516 [11065-11964]"
"Africa (2)"," 2013","45 [43.2-46.7]","11400 [10962-11830]"
"Africa (2)"," 2012","45 [43.4-46.8]","11275 [10841-11690]"
"Africa (2)"," 2011","45 [43.7-47.1]","11151 [10721-11559]"
"Africa (2)"," 2010","46 [44-47.4]","11032 [10606-11434]"
"Africa (2)"," 2009","46 [44.4-47.8]","10913 [10501-11312]"
"Africa (2)"," 2008","47 [44.9-48.3]","10794 [10398-11187]"
"Africa (2)"," 2007","47 [45.3-48.7]","10674 [10291-11055]"
"Africa (2)"," 2006","47 [45.7-49]","10541 [10164-10916]"
"Africa (2)"," 2005","48 [45.9-49.3]","10401 [10016-10766]"
"Africa (2)"," 2004","48 [46.2-49.7]","10257 [9879-10630]"
"Africa (2)"," 2003","48 [46.4-50]","10103 [9720-10477]"
"Africa (2)"," 2002","48 [46.4-50.2]","9939 [9551-10321]"
"Africa (2)"," 2001","49 [46.5-50.4]","9779 [9378-10168]"
"Africa (2)"," 2000","49 [46.5-50.6]","9619 [9199-10021]"
"Africa (2)"," 1999","49 [46.3-50.9]","9467 [9014-9897]"
"Africa (2)"," 1998","49 [46.3-51.2]","9326 [8845-9774]"
"Africa (2)"," 1997","49 [46.2-51.6]","9190 [8667-9681]"
"Africa (2)"," 1996","49 [46-52]","9054 [8485-9586]"
"Africa (2)"," 1995","49 [45.8-52.4]","8917 [8301-9498]"
"Northern Africa"," 2019","30.7 [21.8-39.4]","1142 [810-1467]"
"Northern Africa"," 2018","30.8 [22.6-38.9]","1149 [843-1451]"
"Northern Africa"," 2017","30.9 [23.3-38.4]","1157 [872-1438]"
"Northern Africa"," 2016","31.1 [23.8-38.2]","1163 [891-1429]"
"Northern Africa"," 2015","31.3 [24.5-38.3]","1168 [915-1429]"
"Northern Africa"," 2014","31.7 [25.1-38.5]","1171 [929-1423]"
"Northern Africa"," 2013","31.9 [25.4-38.4]","1164 [927-1400]"
"Northern Africa"," 2012","32.0 [25.6-38.4]","1143 [915-1375]"
"Northern Africa"," 2011","32.2 [26.0-38.5]","1123 [906-1344]"
"Northern Africa"," 2010","32.5 [26.2-38.7]","1104 [889-1312]"
"Northern Africa"," 2009","32.9 [26.5-39.0]","1083 [873-1281]"
"Northern Africa"," 2008","33.4 [26.9-39.5]","1064 [857-1258]"
"Northern Africa"," 2007","33.8 [27.1-39.8]","1043 [839-1229]"
"Northern Africa"," 2006","34.0 [27.4-40.1]","1023 [824-1206]"
"Northern Africa"," 2005","34.3 [27.8-40.2]","1007 [816-1182]"
"Northern Africa"," 2004","34.5 [28.1-40.4]","995 [809-1165]"
"Northern Africa"," 2003","34.7 [28.4-40.5]","987 [806-1151]"
"Northern Africa"," 2002","34.9 [28.7-40.8]","980 [806-1146]"
"Northern Africa"," 2001","35.0 [28.9-40.9]","975 [806-1141]"
"Northern Africa"," 2000","35.2 [29.0-41.3]","978 [804-1146]"
"Sub-Saharan Africa"," 2019","46.2 [43.6-48.7]","10868 [10246-11454]"
"Sub-Saharan Africa"," 2018","46.3 [44.1-48.5]","10757 [10231-11255]"
"Sub-Saharan Africa"," 2017","46.5 [44.4-48.4]","10652 [10181-11091]"
"Sub-Saharan Africa"," 2016","46.7 [44.8-48.5]","10552 [10125-10953]"
"Sub-Saharan Africa"," 2015","46.8 [45.1-48.5]","10454 [10061-10830]"
"Sub-Saharan Africa"," 2014","47.0 [45.2-48.7]","10345 [9962-10712]"
"Sub-Saharan Africa"," 2013","47.2 [45.4-48.8]","10237 [9863-10589]"
"Sub-Saharan Africa"," 2012","47.4 [45.6-49.0]","10132 [9763-10478]"
"Sub-Saharan Africa"," 2011","47.6 [45.9-49.2]","10028 [9660-10368]"
"Sub-Saharan Africa"," 2010","47.9 [46.2-49.6]","9929 [9569-10273]"
"Sub-Saharan Africa"," 2009","48.3 [46.6-49.9]","9830 [9481-10168]"
"Sub-Saharan Africa"," 2008","48.7 [46.9-50.3]","9730 [9381-10061]"
"Sub-Saharan Africa"," 2007","49.1 [47.3-50.7]","9631 [9287-9961]"
"Sub-Saharan Africa"," 2006","49.4 [47.6-51.1]","9518 [9172-9840]"
"Sub-Saharan Africa"," 2005","49.8 [47.9-51.5]","9393 [9049-9714]"
"Sub-Saharan Africa"," 2004","50.0 [48.2-51.8]","9261 [8912-9591]"
"Sub-Saharan Africa"," 2003","50.3 [48.4-52.1]","9116 [8768-9447]"
"Sub-Saharan Africa"," 2002","50.5 [48.4-52.3]","8960 [8601-9292]"
"Sub-Saharan Africa"," 2001","50.6 [48.5-52.6]","8804 [8435-9142]"
"Sub-Saharan Africa"," 2000","50.8 [48.5-52.8]","8642 [8265-8995]"
"Eastern Africa"," 2019","38.5 [33.6-43.5]","3533 [3079-3988]"
"Eastern Africa"," 2018","38.5 [34.1-42.9]","3486 [3090-3882]"
"Eastern Africa"," 2017","38.5 [34.7-42.3]","3443 [3101-3786]"
"Eastern Africa"," 2016","38.5 [35.1-41.9]","3404 [3101-3704]"
"Eastern Africa"," 2015","38.6 [35.4-41.7]","3367 [3089-3643]"
"Eastern Africa"," 2014","38.6 [35.5-41.6]","3328 [3066-3585]"
"Eastern Africa"," 2013","38.7 [35.7-41.6]","3295 [3041-3546]"
"Eastern Africa"," 2012","38.8 [35.9-41.7]","3269 [3020-3513]"
"Eastern Africa"," 2011","39.1 [36.1-42.0]","3248 [3000-3489]"
"Eastern Africa"," 2010","39.4 [36.5-42.3]","3236 [2997-3473]"
"Eastern Africa"," 2009","39.9 [37.0-42.8]","3232 [2992-3462]"
"Eastern Africa"," 2008","40.5 [37.5-43.3]","3231 [2995-3456]"
"Eastern Africa"," 2007","41.1 [38.2-44.1]","3231 [3001-3462]"
"Eastern Africa"," 2006","41.7 [38.7-44.7]","3224 [2994-3454]"
"Eastern Africa"," 2005","42.2 [39.1-45.2]","3209 [2975-3437]"
"Eastern Africa"," 2004","42.6 [39.4-45.7]","3188 [2947-3418]"
"Eastern Africa"," 2003","43.0 [39.8-46.2]","3159 [2921-3397]"
"Eastern Africa"," 2002","43.3 [39.9-46.7]","3125 [2879-3366]"
"Eastern Africa"," 2001","43.6 [40.1-47.2]","3091 [2841-3343]"
"Eastern Africa"," 2000","43.9 [40.0-47.7]","3052 [2783-3314]"
"Middle Africa"," 2019","46.7 [40.0-51.6]","2019 [1727-2229]"
"Middle Africa"," 2018","47.2 [41.4-51.6]","2006 [1758-2192]"
"Middle Africa"," 2017","47.7 [42.7-51.7]","1994 [1782-2162]"
"Middle Africa"," 2016","48.3 [43.5-51.9]","1982 [1788-2131]"
"Middle Africa"," 2015","48.8 [44.4-52.2]","1969 [1794-2106]"
"Middle Africa"," 2014","49.3 [45.3-52.5]","1956 [1796-2082]"
"Middle Africa"," 2013","49.9 [46.0-53.0]","1941 [1789-2060]"
"Middle Africa"," 2012","50.5 [46.7-53.5]","1924 [1781-2038]"
"Middle Africa"," 2011","51.0 [47.5-53.9]","1903 [1771-2011]"
"Middle Africa"," 2010","51.5 [48.1-54.3]","1880 [1754-1984]"
"Middle Africa"," 2009","52.0 [48.6-54.8]","1854 [1733-1954]"
"Middle Africa"," 2008","52.5 [49.1-55.2]","1825 [1708-1919]"
"Middle Africa"," 2007","52.9 [49.6-55.6]","1793 [1679-1885]"
"Middle Africa"," 2006","53.2 [49.8-56.0]","1756 [1642-1846]"
"Middle Africa"," 2005","53.5 [50.0-56.3]","1717 [1604-1808]"
"Middle Africa"," 2004","53.7 [50.1-56.6]","1677 [1565-1767]"
"Middle Africa"," 2003","53.9 [50.1-56.8]","1635 [1520-1726]"
"Middle Africa"," 2002","54.0 [49.9-57.0]","1593 [1473-1684]"
"Middle Africa"," 2001","54.0 [49.7-57.2]","1550 [1429-1643]"
"Middle Africa"," 2000","54.0 [49.5-57.4]","1508 [1382-1604]"
"Southern Africa"," 2019","30.8 [18.7-42.6]","268 [162-370]"
"Southern Africa"," 2018","30.6 [19.5-41.5]","267 [170-362]"
"Southern Africa"," 2017","30.4 [20.0-40.5]","267 [175-355]"
"Southern Africa"," 2016","30.2 [20.4-39.7]","267 [180-350]"
"Southern Africa"," 2015","30.1 [20.8-39.0]","266 [184-345]"
"Southern Africa"," 2014","29.9 [20.9-38.7]","266 [185-343]"
"Southern Africa"," 2013","29.8 [20.8-38.3]","265 [185-341]"
"Southern Africa"," 2012","29.7 [20.7-38.4]","264 [184-341]"
"Southern Africa"," 2011","29.8 [20.6-38.8]","264 [183-344]"
"Southern Africa"," 2010","30.0 [20.8-39.3]","265 [184-347]"
"Southern Africa"," 2009","30.3 [20.9-39.7]","265 [183-347]"
"Southern Africa"," 2008","30.7 [21.1-40.2]","265 [182-348]"
"Southern Africa"," 2007","31.2 [21.5-41.0]","266 [183-349]"
"Southern Africa"," 2006","31.7 [21.7-41.5]","266 [182-348]"
"Southern Africa"," 2005","32.2 [22.0-42.2]","265 [181-347]"
"Southern Africa"," 2004","32.7 [22.1-42.8]","264 [179-346]"
"Southern Africa"," 2003","33.0 [22.2-43.4]","263 [177-345]"
"Southern Africa"," 2002","33.4 [22.1-44.0]","262 [173-345]"
"Southern Africa"," 2001","33.7 [22.0-44.6]","262 [170-346]"
"Southern Africa"," 2000","34.1 [21.9-45.2]","263 [169-348]"
"Western Africa"," 2019","55.1 [52.5-57.0]","5048 [4813-5226]"
"Western Africa"," 2018","55.3 [53.0-57.1]","4998 [4786-5159]"
"Western Africa"," 2017","55.5 [53.3-57.3]","4948 [4745-5106]"
"Western Africa"," 2016","55.8 [53.6-57.5]","4899 [4708-5051]"
"Western Africa"," 2015","56.0 [53.8-57.7]","4851 [4663-5004]"
"Western Africa"," 2014","56.2 [54.0-58.0]","4795 [4607-4951]"
"Western Africa"," 2013","56.3 [54.1-58.3]","4737 [4546-4897]"
"Western Africa"," 2012","56.5 [54.1-58.5]","4675 [4474-4838]"
"Western Africa"," 2011","56.7 [54.3-58.8]","4613 [4411-4780]"
"Western Africa"," 2010","57.0 [54.4-59.0]","4548 [4344-4713]"
"Western Africa"," 2009","57.2 [54.5-59.3]","4480 [4272-4643]"
"Western Africa"," 2008","57.4 [54.7-59.5]","4409 [4203-4572]"
"Western Africa"," 2007","57.6 [55.0-59.8]","4341 [4142-4501]"
"Western Africa"," 2006","57.9 [55.2-59.9]","4273 [4079-4426]"
"Western Africa"," 2005","58.1 [55.4-60.1]","4203 [4012-4352]"
"Western Africa"," 2004","58.2 [55.6-60.3]","4132 [3944-4277]"
"Western Africa"," 2003","58.4 [55.7-60.5]","4058 [3875-4202]"
"Western Africa"," 2002","58.5 [55.8-60.6]","3980 [3796-4121]"
"Western Africa"," 2001","58.6 [55.8-60.7]","3901 [3713-4041]"
"Western Africa"," 2000","58.7 [55.7-60.8]","3820 [3627-3961]"
"Northern America and Europe"," 2019","17.1 [11.9-23.7]","1264 [876-1748]"
"Northern America and Europe"," 2018","17.0 [12.0-23.2]","1262 [890-1723]"
"Northern America and Europe"," 2017","16.9 [12.1-22.9]","1261 [905-1707]"
"Northern America and Europe"," 2016","16.8 [12.2-22.4]","1260 [913-1682]"
"Northern America and Europe"," 2015","16.7 [12.2-22.0]","1259 [919-1664]"
"Northern America and Europe"," 2014","16.6 [12.2-21.8]","1258 [925-1655]"
"Northern America and Europe"," 2013","16.5 [12.2-21.5]","1257 [935-1641]"
"Northern America and Europe"," 2012","16.4 [12.2-21.3]","1257 [938-1635]"
"Northern America and Europe"," 2011","16.3 [12.2-21.1]","1256 [941-1629]"
"Northern America and Europe"," 2010","16.2 [12.2-20.9]","1253 [942-1618]"
"Northern America and Europe"," 2009","16.2 [12.2-20.8]","1252 [942-1612]"
"Northern America and Europe"," 2008","16.2 [12.2-20.8]","1248 [944-1607]"
"Northern America and Europe"," 2007","16.2 [12.2-20.8]","1241 [937-1593]"
"Northern America and Europe"," 2006","16.2 [12.2-20.8]","1230 [929-1576]"
"Northern America and Europe"," 2005","16.2 [12.2-20.8]","1217 [917-1561]"
"Northern America and Europe"," 2004","16.3 [12.3-20.9]","1206 [910-1551]"
"Northern America and Europe"," 2003","16.4 [12.4-21.0]","1198 [905-1537]"
"Northern America and Europe"," 2002","16.5 [12.4-21.2]","1193 [902-1532]"
"Northern America and Europe"," 2001","16.6 [12.5-21.5]","1196 [899-1543]"
"Northern America and Europe"," 2000","16.9 [12.6-21.9]","1210 [904-1570]"
"Northern America (21)"," 2019","11.9 [7.6-18.9]","317 [202-503]"
"Northern America (21)"," 2018","11.7 [7.7-17.7]","310 [204-471]"
"Northern America (21)"," 2017","11.5 [7.9-17.1]","305 [208-452]"
"Northern America (21)"," 2016","11.4 [8.0-16.4]","300 [211-433]"
"Northern America (21)"," 2015","11.2 [8.1-15.8]","297 [214-418]"
"Northern America (21)"," 2014","11.1 [8.1-15.4]","295 [215-409]"
"Northern America (21)"," 2013","10.9 [8.1-15.0]","292 [216-400]"
"Northern America (21)"," 2012","10.8 [8.0-14.4]","290 [217-388]"
"Northern America (21)"," 2011","10.6 [8.0-13.9]","288 [219-380]"
"Northern America (21)"," 2010","10.4 [7.9-13.5]","285 [218-371]"
"Northern America (21)"," 2009","10.2 [7.9-13.3]","282 [219-367]"
"Northern America (21)"," 2008","10.1 [7.8-13.0]","280 [217-362]"
"Northern America (21)"," 2007","9.9 [7.7-12.8]","276 [215-358]"
"Northern America (21)"," 2006","9.8 [7.6-12.6]","272 [212-350]"
"Northern America (21)"," 2005","9.6 [7.5-12.5]","266 [207-345]"
"Northern America (21)"," 2004","9.5 [7.4-12.4]","262 [203-340]"
"Northern America (21)"," 2003","9.5 [7.4-12.3]","259 [201-335]"
"Northern America (21)"," 2002","9.6 [7.4-12.5]","258 [198-338]"
"Northern America (21)"," 2001","9.7 [7.3-12.9]","259 [195-345]"
"Northern America (21)"," 2000","9.9 [7.4-13.5]","263 [195-357]"
"Latin America and the Caribbean"," 2019","21.9 [15.5-29.4]","1413 [1003-1904]"
"Latin America and the Caribbean"," 2018","21.9 [15.9-29.1]","1423 [1034-1893]"
"Latin America and the Caribbean"," 2017","22.0 [16.2-28.9]","1437 [1057-1888]"
"Latin America and the Caribbean"," 2016","22.1 [16.6-28.6]","1451 [1093-1882]"
"Latin America and the Caribbean"," 2015","22.3 [17.1-28.6]","1471 [1129-1886]"
"Latin America and the Caribbean"," 2014","22.5 [17.5-28.5]","1492 [1159-1889]"
"Latin America and the Caribbean"," 2013","22.8 [17.9-28.6]","1513 [1189-1901]"
"Latin America and the Caribbean"," 2012","23.1 [18.3-28.9]","1541 [1222-1925]"
"Latin America and the Caribbean"," 2011","23.6 [18.7-29.1]","1573 [1248-1946]"
"Latin America and the Caribbean"," 2010","24.1 [19.2-29.5]","1611 [1289-1979]"
"Latin America and the Caribbean"," 2009","24.6 [19.7-30.1]","1655 [1322-2022]"
"Latin America and the Caribbean"," 2008","25.2 [20.3-30.7]","1703 [1368-2074]"
"Latin America and the Caribbean"," 2007","25.8 [20.8-31.3]","1753 [1413-2129]"
"Latin America and the Caribbean"," 2006","26.4 [21.3-31.9]","1804 [1458-2187]"
"Latin America and the Caribbean"," 2005","26.9 [21.7-32.5]","1853 [1498-2244]"
"Latin America and the Caribbean"," 2004","27.3 [22.1-33.1]","1900 [1536-2301]"
"Latin America and the Caribbean"," 2003","27.6 [22.3-33.5]","1939 [1569-2355]"
"Latin America and the Caribbean"," 2002","27.9 [22.6-34.0]","1975 [1600-2411]"
"Latin America and the Caribbean"," 2001","28.2 [22.7-34.4]","2012 [1620-2460]"
"Latin America and the Caribbean"," 2000","28.5 [22.8-34.9]","2054 [1646-2515]"
"Caribbean"," 2019","34.0 [26.7-42.3]","147 [115-183]"
"Caribbean"," 2018","34.0 [27.1-41.9]","149 [118-183]"
"Caribbean"," 2017","34.1 [27.5-41.7]","150 [121-184]"
"Caribbean"," 2016","34.2 [27.8-41.5]","152 [124-185]"
"Caribbean"," 2015","34.3 [28.0-41.3]","154 [126-186]"
"Caribbean"," 2014","34.4 [28.3-41.2]","156 [128-187]"
"Caribbean"," 2013","34.5 [28.5-41.1]","157 [130-188]"
"Caribbean"," 2012","34.7 [28.7-41.2]","159 [131-189]"
"Caribbean"," 2011","34.9 [28.8-41.3]","161 [133-190]"
"Caribbean"," 2010","35.2 [29.2-41.5]","163 [135-192]"
"Caribbean"," 2009","35.6 [29.4-41.9]","165 [136-194]"
"Caribbean"," 2008","36.0 [29.8-42.2]","167 [138-196]"
"Caribbean"," 2007","36.4 [30.2-42.7]","170 [141-199]"
"Caribbean"," 2006","36.9 [30.6-43.2]","172 [143-202]"
"Caribbean"," 2005","37.4 [30.9-43.8]","176 [145-205]"
"Caribbean"," 2004","37.9 [31.2-44.3]","179 [147-209]"
"Caribbean"," 2003","38.2 [31.5-44.7]","181 [150-212]"
"Caribbean"," 2002","38.5 [31.8-45.0]","184 [152-215]"
"Caribbean"," 2001","38.8 [31.8-45.4]","187 [153-218]"
"Caribbean"," 2000","39.1 [32.0-45.9]","189 [155-222]"
"Central America"," 2019","19.3 [11.9-28.8]","388 [239-580]"
"Central America"," 2018","19.3 [12.5-27.7]","390 [252-560]"
"Central America"," 2017","19.4 [13.0-27.0]","394 [265-548]"
"Central America"," 2016","19.6 [13.7-26.5]","399 [279-540]"
"Central America"," 2015","19.8 [14.3-26.2]","404 [293-536]"
"Central America"," 2014","20.0 [14.8-26.0]","411 [303-533]"
"Central America"," 2013","20.3 [15.5-25.9]","418 [317-532]"
"Central America"," 2012","20.7 [16.0-26.0]","425 [330-535]"
"Central America"," 2011","21.1 [16.6-26.2]","434 [342-538]"
"Central America"," 2010","21.6 [17.2-26.4]","444 [354-543]"
"Central America"," 2009","22.1 [17.8-26.8]","454 [366-551]"
"Central America"," 2008","22.6 [18.4-27.1]","466 [379-558]"
"Central America"," 2007","23.2 [19.1-27.5]","479 [395-568]"
"Central America"," 2006","23.7 [19.6-28.1]","491 [407-582]"
"Central America"," 2005","24.2 [20.3-28.5]","505 [423-594]"
"Central America"," 2004","24.8 [20.8-29.1]","519 [435-609]"
"Central America"," 2003","25.3 [21.2-29.7]","532 [446-626]"
"Central America"," 2002","25.7 [21.6-30.2]","544 [457-639]"
"Central America"," 2001","26.2 [21.9-30.8]","557 [464-655]"
"Central America"," 2000","26.8 [22.2-31.6]","572 [473-673]"
"South America"," 2019","21.8 [14.2-31.7]","879 [573-1276]"
"South America"," 2018","21.8 [14.5-31.3]","885 [588-1270]"
"South America"," 2017","21.9 [14.8-31.1]","893 [604-1267]"
"South America"," 2016","22.0 [15.1-30.9]","901 [618-1266]"
"South America"," 2015","22.2 [15.3-30.8]","912 [631-1267]"
"South America"," 2014","22.4 [15.7-30.8]","925 [648-1269]"
"South America"," 2013","22.7 [16.1-30.9]","938 [664-1276]"
"South America"," 2012","23.1 [16.4-31.3]","956 [680-1297]"
"South America"," 2011","23.5 [16.7-31.7]","978 [694-1319]"
"South America"," 2010","24.0 [17.1-32.1]","1005 [716-1342]"
"South America"," 2009","24.7 [17.7-32.7]","1036 [742-1372]"
"South America"," 2008","25.3 [18.2-33.3]","1069 [769-1409]"
"South America"," 2007","25.9 [18.7-34.1]","1104 [799-1455]"
"South America"," 2006","26.5 [19.2-34.8]","1140 [825-1496]"
"South America"," 2005","27.0 [19.5-35.4]","1173 [849-1539]"
"South America"," 2004","27.3 [19.9-35.8]","1202 [873-1575]"
"South America"," 2003","27.6 [20.0-36.4]","1226 [887-1620]"
"South America"," 2002","27.7 [20.1-36.7]","1247 [903-1651]"
"South America"," 2001","27.9 [20.1-37.0]","1269 [914-1681]"
"South America"," 2000","28.2 [20.3-37.6]","1294 [929-1724]"
"Europe (150)"," 2019","20.1 [12.9-28.9]","947 [611-1365]"
"Europe (150)"," 2018","19.9 [13.0-28.5]","952 [622-1361]"
"Europe (150)"," 2017","19.8 [13.1-28.3]","957 [632-1363]"
"Europe (150)"," 2016","19.7 [13.2-28.0]","960 [642-1363]"
"Europe (150)"," 2015","19.6 [13.1-27.7]","962 [643-1357]"
"Europe (150)"," 2014","19.5 [13.2-27.2]","963 [652-1344]"
"Europe (150)"," 2013","19.4 [13.2-27.0]","965 [657-1338]"
"Europe (150)"," 2012","19.4 [13.3-26.7]","967 [664-1329]"
"Europe (150)"," 2011","19.4 [13.4-26.4]","968 [668-1318]"
"Europe (150)"," 2010","19.4 [13.5-26.3]","968 [673-1312]"
"Europe (150)"," 2009","19.5 [13.6-26.4]","969 [674-1310]"
"Europe (150)"," 2008","19.7 [13.7-26.6]","968 [675-1309]"
"Europe (150)"," 2007","19.8 [14.0-26.8]","965 [680-1304]"
"Europe (150)"," 2006","19.9 [14.1-26.8]","958 [676-1290]"
"Europe (150)"," 2005","20.1 [14.2-27.0]","951 [671-1278]"
"Europe (150)"," 2004","20.2 [14.2-27.2]","944 [664-1267]"
"Europe (150)"," 2003","20.4 [14.3-27.3]","938 [659-1257]"
"Europe (150)"," 2002","20.5 [14.4-27.5]","935 [654-1254]"
"Europe (150)"," 2001","20.7 [14.5-27.8]","937 [654-1256]"
"Europe (150)"," 2000","21.0 [14.6-28.1]","947 [659-1269]"
"Eastern Europe"," 2019","23.4 [11.6-38.6]","467 [231-772]"
"Eastern Europe"," 2018","23.2 [11.8-38.1]","474 [239-775]"
"Eastern Europe"," 2017","23.2 [11.9-37.7]","479 [247-780]"
"Eastern Europe"," 2016","23.1 [12.1-37.2]","484 [253-780]"
"Eastern Europe"," 2015","23.0 [12.2-36.7]","487 [257-775]"
"Eastern Europe"," 2014","23.0 [12.3-36.4]","489 [261-774]"
"Eastern Europe"," 2013","23.0 [12.4-36.5]","490 [263-775]"
"Eastern Europe"," 2012","23.1 [12.5-36.5]","491 [265-774]"
"Eastern Europe"," 2011","23.3 [12.7-36.8]","490 [267-774]"
"Eastern Europe"," 2010","23.4 [12.8-36.8]","488 [266-767]"
"Eastern Europe"," 2009","23.7 [13.0-37.0]","487 [267-760]"
"Eastern Europe"," 2008","24.0 [13.4-37.4]","484 [270-754]"
"Eastern Europe"," 2007","24.3 [13.6-37.8]","480 [268-745]"
"Eastern Europe"," 2006","24.6 [13.8-38.2]","474 [265-734]"
"Eastern Europe"," 2005","24.9 [14.0-38.7]","467 [262-724]"
"Eastern Europe"," 2004","25.3 [14.2-39.0]","461 [259-710]"
"Eastern Europe"," 2003","25.6 [14.6-39.1]","456 [260-695]"
"Eastern Europe"," 2002","25.8 [14.7-39.3]","451 [256-686]"
"Eastern Europe"," 2001","26.0 [14.7-39.7]","447 [254-684]"
"Eastern Europe"," 2000","26.2 [14.8-40.1]","448 [254-687]"
"Northern Europe"," 2019","17.0 [9.6-29.4]","125 [71-216]"
"Northern Europe"," 2018","16.8 [9.7-28.6]","124 [72-211]"
"Northern Europe"," 2017","16.6 [9.8-27.8]","123 [73-206]"
"Northern Europe"," 2016","16.4 [9.9-26.9]","122 [74-201]"
"Northern Europe"," 2015","16.2 [9.9-26.2]","122 [74-197]"
"Northern Europe"," 2014","16.0 [9.9-25.8]","122 [75-195]"
"Northern Europe"," 2013","15.9 [9.9-25.3]","121 [76-192]"
"Northern Europe"," 2012","15.9 [9.9-25.0]","122 [76-191]"
"Northern Europe"," 2011","15.8 [9.9-24.8]","121 [76-190]"
"Northern Europe"," 2010","15.8 [9.9-24.6]","121 [76-188]"
"Northern Europe"," 2009","15.8 [10.0-24.6]","120 [76-187]"
"Northern Europe"," 2008","15.8 [9.9-24.5]","118 [75-184]"
"Northern Europe"," 2007","15.9 [10.0-24.7]","117 [74-182]"
"Northern Europe"," 2006","15.9 [10.1-24.8]","115 [73-179]"
"Northern Europe"," 2005","16.0 [10.2-24.9]","113 [72-176]"
"Northern Europe"," 2004","16.2 [10.3-25.3]","112 [71-175]"
"Northern Europe"," 2003","16.3 [10.5-25.6]","111 [72-175]"
"Northern Europe"," 2002","16.6 [10.6-25.9]","112 [72-175]"
"Northern Europe"," 2001","16.8 [10.8-26.4]","113 [73-178]"
"Northern Europe"," 2000","17.2 [10.9-26.9]","116 [74-182]"
"Southern Europe"," 2019","20.3 [12.4-32.2]","154 [94-243]"
"Southern Europe"," 2018","20.2 [12.5-31.8]","156 [97-245]"
"Southern Europe"," 2017","20.1 [12.7-31.3]","159 [100-247]"
"Southern Europe"," 2016","20.0 [12.7-31.0]","161 [102-249]"
"Southern Europe"," 2015","19.9 [12.7-30.5]","164 [105-252]"
"Southern Europe"," 2014","19.8 [12.6-30.5]","167 [107-258]"
"Southern Europe"," 2013","19.6 [12.7-30.1]","171 [110-261]"
"Southern Europe"," 2012","19.5 [12.6-29.9]","174 [112-266]"
"Southern Europe"," 2011","19.4 [12.5-29.7]","178 [115-271]"
"Southern Europe"," 2010","19.4 [12.5-29.5]","181 [116-276]"
"Southern Europe"," 2009","19.4 [12.5-29.6]","184 [119-281]"
"Southern Europe"," 2008","19.5 [12.6-29.8]","187 [121-286]"
"Southern Europe"," 2007","19.6 [12.7-30.0]","189 [123-288]"
"Southern Europe"," 2006","19.7 [12.9-30.1]","189 [124-289]"
"Southern Europe"," 2005","19.8 [13.1-30.2]","189 [124-288]"
"Southern Europe"," 2004","20.0 [13.2-30.3]","188 [124-285]"
"Southern Europe"," 2003","20.2 [13.4-30.3]","188 [124-282]"
"Southern Europe"," 2002","20.4 [13.6-30.5]","188 [125-280]"
"Southern Europe"," 2001","20.8 [13.9-30.9]","189 [126-281]"
"Southern Europe"," 2000","21.2 [14.1-31.2]","192 [127-283]"
"Western Europe"," 2019","16.4 [9.3-27.6]","202 [114-339]"
"Western Europe"," 2018","16.2 [9.3-26.9]","199 [114-330]"
"Western Europe"," 2017","16.0 [9.4-26.0]","196 [114-319]"
"Western Europe"," 2016","15.8 [9.3-25.3]","192 [114-308]"
"Western Europe"," 2015","15.5 [9.3-24.6]","189 [114-300]"
"Western Europe"," 2014","15.3 [9.3-24.1]","186 [113-292]"
"Western Europe"," 2013","15.1 [9.3-23.9]","183 [112-289]"
"Western Europe"," 2012","15.0 [9.3-23.6]","181 [112-285]"
"Western Europe"," 2011","14.9 [9.3-23.5]","179 [112-283]"
"Western Europe"," 2010","14.8 [9.3-23.5]","178 [112-283]"
"Western Europe"," 2009","14.9 [9.3-23.4]","178 [112-281]"
"Western Europe"," 2008","14.9 [9.3-23.4]","179 [111-281]"
"Western Europe"," 2007","15.0 [9.3-23.5]","180 [112-282]"
"Western Europe"," 2006","15.0 [9.4-23.6]","181 [113-283]"
"Western Europe"," 2005","15.1 [9.4-23.6]","181 [113-284]"
"Western Europe"," 2004","15.1 [9.4-23.7]","182 [114-286]"
"Western Europe"," 2003","15.2 [9.4-23.8]","183 [114-288]"
"Western Europe"," 2002","15.2 [9.4-24.0]","185 [114-291]"
"Western Europe"," 2001","15.4 [9.4-24.2]","187 [115-295]"
"Western Europe"," 2000","15.6 [9.4-24.7]","191 [115-302]"
"Asia (142)"," 2020","37 [33.3-41.6]","17099 [15229-19048]"
"Asia (142)"," 2019","37 [33.6-41.1]","17156 [15481-18933]"
"Asia (142)"," 2018","37 [33.9-40.7]","17293 [15746-18885]"
"Asia (142)"," 2017","37 [34.3-40.6]","17440 [16010-18962]"
"Asia (142)"," 2016","37 [34.5-40.4]","17565 [16206-18984]"
"Asia (142)"," 2015","38 [34.7-40.4]","17683 [16390-19062]"
"Asia (142)"," 2014","38 [34.9-40.4]","17825 [16559-19147]"
"Asia (142)"," 2013","38 [35.2-40.5]","18003 [16764-19283]"
"Asia (142)"," 2012","38 [35.5-40.7]","18210 [16955-19447]"
"Asia (142)"," 2011","39 [35.9-41]","18442 [17183-19642]"
"Asia (142)"," 2010","39 [36.2-41.4]","18693 [17406-19913]"
"Asia (142)"," 2009","39 [36.7-41.9]","18984 [17705-20214]"
"Asia (142)"," 2008","40 [37.2-42.4]","19285 [17969-20480]"
"Asia (142)"," 2007","40 [37.8-42.8]","19560 [18267-20725]"
"Asia (142)"," 2006","41 [38.2-43.4]","19815 [18512-21025]"
"Asia (142)"," 2005","41 [38.7-44]","20055 [18747-21299]"
"Asia (142)"," 2004","42 [39.1-44.4]","20279 [18953-21512]"
"Asia (142)"," 2003","42 [39.4-44.9]","20474 [19144-21768]"
"Asia (142)"," 2002","43 [39.7-45.3]","20658 [19292-22013]"
"Asia (142)"," 2001","43 [39.9-45.8]","20869 [19422-22313]"
"Asia (142)"," 2000","43 [40-46.4]","21130 [19539-22667]"
"Asia (142)"," 1999","44 [40-47.1]","21399 [19620-23070]"
"Asia (142)"," 1998","44 [40-47.7]","21682 [19720-23500]"
"Asia (142)"," 1997","44 [40.1-48.4]","22008 [19845-23978]"
"Asia (142)"," 1996","45 [40-49.2]","22385 [19955-24544]"
"Asia (142)"," 1995","45 [40-50.1]","22801 [20131-25181]"
"Central Asia and Southern Asia"," 2019","46.2 [41.4-49.8]","11131 [9979-12020]"
"Central Asia and Southern Asia"," 2018","46.3 [42.1-49.6]","11201 [10187-12000]"
"Central Asia and Southern Asia"," 2017","46.5 [42.6-49.6]","11268 [10327-12004]"
"Central Asia and Southern Asia"," 2016","46.7 [43.0-49.5]","11324 [10440-12021]"
"Central Asia and Southern Asia"," 2015","46.9 [43.4-49.7]","11409 [10565-12092]"
"Central Asia and Southern Asia"," 2014","47.2 [43.7-50.0]","11516 [10662-12189]"
"Central Asia and Southern Asia"," 2013","47.5 [44.0-50.3]","11643 [10780-12324]"
"Central Asia and Southern Asia"," 2012","47.9 [44.4-50.7]","11800 [10946-12481]"
"Central Asia and Southern Asia"," 2011","48.2 [44.7-51.0]","11974 [11102-12662]"
"Central Asia and Southern Asia"," 2010","48.5 [44.9-51.3]","12149 [11248-12844]"
"Central Asia and Southern Asia"," 2009","48.8 [45.3-51.6]","12339 [11441-13039]"
"Central Asia and Southern Asia"," 2008","49.2 [45.7-52.0]","12536 [11645-13240]"
"Central Asia and Southern Asia"," 2007","49.5 [46.0-52.3]","12699 [11799-13415]"
"Central Asia and Southern Asia"," 2006","49.8 [46.3-52.6]","12833 [11934-13560]"
"Central Asia and Southern Asia"," 2005","50.0 [46.6-52.8]","12945 [12056-13664]"
"Central Asia and Southern Asia"," 2004","50.2 [46.9-53.0]","13039 [12163-13765]"
"Central Asia and Southern Asia"," 2003","50.4 [47.1-53.3]","13107 [12244-13847]"
"Central Asia and Southern Asia"," 2002","50.6 [47.2-53.5]","13159 [12281-13915]"
"Central Asia and Southern Asia"," 2001","50.8 [47.4-53.8]","13220 [12336-13999]"
"Central Asia and Southern Asia"," 2000","51.0 [47.5-54.1]","13292 [12389-14101]"
"Central Asia"," 2019","34.2 [26.1-41.9]","347 [265-425]"
"Central Asia"," 2018","34.2 [26.7-41.2]","352 [275-424]"
"Central Asia"," 2017","34.2 [27.4-40.8]","355 [284-424]"
"Central Asia"," 2016","34.2 [27.8-40.5]","356 [290-422]"
"Central Asia"," 2015","34.2 [28.1-40.3]","356 [292-420]"
"Central Asia"," 2014","34.3 [28.3-40.4]","354 [292-417]"
"Central Asia"," 2013","34.4 [28.5-40.5]","351 [291-414]"
"Central Asia"," 2012","34.5 [28.6-40.6]","346 [287-407]"
"Central Asia"," 2011","34.7 [28.7-40.8]","341 [282-400]"
"Central Asia"," 2010","35.1 [28.9-41.1]","336 [277-393]"
"Central Asia"," 2009","35.5 [29.1-41.5]","330 [270-385]"
"Central Asia"," 2008","36.0 [29.7-42.0]","323 [266-376]"
"Central Asia"," 2007","36.6 [30.3-42.5]","316 [262-368]"
"Central Asia"," 2006","37.1 [30.8-43.0]","309 [256-358]"
"Central Asia"," 2005","37.5 [31.2-43.4]","301 [251-348]"
"Central Asia"," 2004","38.1 [31.7-43.9]","297 [247-342]"
"Central Asia"," 2003","38.7 [32.4-44.4]","294 [247-338]"
"Central Asia"," 2002","39.3 [33.1-44.9]","294 [248-337]"
"Central Asia"," 2001","39.7 [33.5-45.5]","296 [250-339]"
"Central Asia"," 2000","40.1 [33.9-45.8]","302 [255-345]"
"Southern Asia"," 2019","46.7 [41.7-50.5]","10783 [9642-11667]"
"Southern Asia"," 2018","46.9 [42.4-50.3]","10849 [9824-11642]"
"Southern Asia"," 2017","47.1 [43.0-50.2]","10914 [9973-11650]"
"Southern Asia"," 2016","47.2 [43.5-50.2]","10968 [10098-11664]"
"Southern Asia"," 2015","47.5 [43.9-50.3]","11053 [10217-11722]"
"Southern Asia"," 2014","47.8 [44.2-50.6]","11161 [10320-11824]"
"Southern Asia"," 2013","48.1 [44.5-51.0]","11292 [10439-11960]"
"Southern Asia"," 2012","48.5 [44.8-51.3]","11454 [10600-12124]"
"Southern Asia"," 2011","48.8 [45.2-51.6]","11632 [10770-12301]"
"Southern Asia"," 2010","49.0 [45.4-51.9]","11813 [10925-12504]"
"Southern Asia"," 2009","49.3 [45.6-52.2]","12009 [11101-12702]"
"Southern Asia"," 2008","49.7 [46.0-52.5]","12213 [11317-12917]"
"Southern Asia"," 2007","49.9 [46.3-52.8]","12383 [11487-13095]"
"Southern Asia"," 2006","50.2 [46.6-53.1]","12524 [11624-13242]"
"Southern Asia"," 2005","50.4 [46.9-53.3]","12644 [11763-13360]"
"Southern Asia"," 2004","50.6 [47.2-53.5]","12742 [11882-13467]"
"Southern Asia"," 2003","50.8 [47.4-53.7]","12812 [11952-13547]"
"Southern Asia"," 2002","50.9 [47.5-53.9]","12865 [11990-13621]"
"Southern Asia"," 2001","51.1 [47.6-54.1]","12923 [12041-13693]"
"Southern Asia"," 2000","51.3 [47.8-54.5]","12990 [12095-13799]"
"Eastern Asia and South-eastern Asia"," 2019","26.2 [20.5-34.1]","4853 [3791-6316]"
"Eastern Asia and South-eastern Asia"," 2018","26.2 [20.9-33.2]","4917 [3926-6241]"
"Eastern Asia and South-eastern Asia"," 2017","26.3 [21.4-32.9]","4992 [4070-6251]"
"Eastern Asia and South-eastern Asia"," 2016","26.3 [21.9-32.5]","5059 [4201-6242]"
"Eastern Asia and South-eastern Asia"," 2015","26.2 [22.0-32.0]","5087 [4271-6218]"
"Eastern Asia and South-eastern Asia"," 2014","26.2 [22.1-31.8]","5121 [4315-6206]"
"Eastern Asia and South-eastern Asia"," 2013","26.4 [22.2-31.6]","5169 [4359-6199]"
"Eastern Asia and South-eastern Asia"," 2012","26.6 [22.4-31.5]","5219 [4398-6190]"
"Eastern Asia and South-eastern Asia"," 2011","26.8 [22.7-31.7]","5277 [4462-6233]"
"Eastern Asia and South-eastern Asia"," 2010","27.3 [22.9-31.9]","5354 [4504-6269]"
"Eastern Asia and South-eastern Asia"," 2009","27.9 [23.4-32.5]","5456 [4592-6356]"
"Eastern Asia and South-eastern Asia"," 2008","28.5 [24.0-33.2]","5561 [4675-6472]"
"Eastern Asia and South-eastern Asia"," 2007","29.2 [24.6-33.7]","5674 [4792-6565]"
"Eastern Asia and South-eastern Asia"," 2006","29.9 [25.4-34.6]","5797 [4921-6707]"
"Eastern Asia and South-eastern Asia"," 2005","30.6 [25.9-35.3]","5925 [5021-6847]"
"Eastern Asia and South-eastern Asia"," 2004","31.2 [26.4-36.1]","6056 [5126-6991]"
"Eastern Asia and South-eastern Asia"," 2003","31.9 [27.0-36.8]","6186 [5244-7146]"
"Eastern Asia and South-eastern Asia"," 2002","32.4 [27.4-37.6]","6320 [5331-7327]"
"Eastern Asia and South-eastern Asia"," 2001","33.0 [27.6-38.5]","6467 [5399-7533]"
"Eastern Asia and South-eastern Asia"," 2000","33.7 [27.7-39.7]","6649 [5468-7826]"
"South-Eastern Asia"," 2019","37.5 [32.1-42.2]","2650 [2267-2983]"
"South-Eastern Asia"," 2018","37.5 [32.5-41.8]","2667 [2314-2978]"
"South-Eastern Asia"," 2017","37.5 [32.8-41.6]","2684 [2349-2982]"
"South-Eastern Asia"," 2016","37.4 [32.8-41.4]","2700 [2369-2988]"
"South-Eastern Asia"," 2015","37.4 [33.0-41.4]","2714 [2396-3003]"
"South-Eastern Asia"," 2014","37.3 [32.9-41.4]","2726 [2402-3019]"
"South-Eastern Asia"," 2013","37.4 [33.0-41.5]","2741 [2417-3043]"
"South-Eastern Asia"," 2012","37.6 [33.1-41.8]","2762 [2438-3073]"
"South-Eastern Asia"," 2011","37.8 [33.2-42.1]","2784 [2448-3101]"
"South-Eastern Asia"," 2010","38.1 [33.3-42.5]","2807 [2455-3129]"
"South-Eastern Asia"," 2009","38.4 [33.6-42.8]","2832 [2475-3157]"
"South-Eastern Asia"," 2008","38.8 [33.9-43.3]","2858 [2498-3185]"
"South-Eastern Asia"," 2007","39.4 [34.3-43.8]","2893 [2521-3220]"
"South-Eastern Asia"," 2006","39.8 [34.7-44.2]","2923 [2549-3244]"
"South-Eastern Asia"," 2005","40.3 [35.1-44.7]","2949 [2573-3275]"
"South-Eastern Asia"," 2004","40.7 [35.4-45.3]","2976 [2583-3309]"
"South-Eastern Asia"," 2003","41.2 [35.8-45.8]","3000 [2606-3334]"
"South-Eastern Asia"," 2002","41.7 [36.1-46.3]","3021 [2616-3355]"
"South-Eastern Asia"," 2001","42.1 [36.4-46.8]","3040 [2626-3377]"
"South-Eastern Asia"," 2000","42.6 [36.7-47.3]","3063 [2643-3405]"
"Eastern Asia"," 2019","19.2 [11.1-31.1]","2204 [1273-3568]"
"Eastern Asia"," 2018","19.3 [11.8-30.0]","2250 [1382-3504]"
"Eastern Asia"," 2017","19.5 [12.6-29.4]","2308 [1496-3490]"
"Eastern Asia"," 2016","19.6 [13.2-28.8]","2359 [1587-3460]"
"Eastern Asia"," 2015","19.5 [13.4-28.1]","2374 [1633-3410]"
"Eastern Asia"," 2014","19.6 [13.8-27.7]","2395 [1691-3389]"
"Eastern Asia"," 2013","19.8 [14.0-27.5]","2428 [1725-3383]"
"Eastern Asia"," 2012","20.0 [14.3-27.4]","2457 [1764-3371]"
"Eastern Asia"," 2011","20.3 [14.6-27.5]","2493 [1797-3384]"
"Eastern Asia"," 2010","20.8 [14.9-27.9]","2547 [1826-3415]"
"Eastern Asia"," 2009","21.5 [15.4-28.3]","2624 [1883-3462]"
"Eastern Asia"," 2008","22.2 [16.0-28.9]","2702 [1945-3517]"
"Eastern Asia"," 2007","23.0 [16.6-29.7]","2781 [2015-3594]"
"Eastern Asia"," 2006","23.8 [17.4-30.6]","2874 [2104-3694]"
"Eastern Asia"," 2005","24.7 [18.0-31.4]","2976 [2174-3786]"
"Eastern Asia"," 2004","25.5 [18.7-32.4]","3080 [2255-3910]"
"Eastern Asia"," 2003","26.2 [19.2-33.3]","3186 [2331-4039]"
"Eastern Asia"," 2002","27.0 [19.7-34.4]","3299 [2410-4207]"
"Eastern Asia"," 2001","27.7 [20.1-35.5]","3427 [2484-4392]"
"Eastern Asia"," 2000","28.6 [20.3-37.1]","3586 [2549-4651]"
"Northern Africa and Western Asia"," 2019","32.3 [25.3-39.4]","2314 [1809-2820]"
"Northern Africa and Western Asia"," 2018","32.4 [25.7-38.8]","2325 [1848-2787]"
"Northern Africa and Western Asia"," 2017","32.5 [26.3-38.5]","2337 [1894-2773]"
"Northern Africa and Western Asia"," 2016","32.6 [26.9-38.1]","2346 [1942-2746]"
"Northern Africa and Western Asia"," 2015","32.7 [27.3-38.0]","2354 [1968-2733]"
"Northern Africa and Western Asia"," 2014","32.9 [27.7-38.0]","2360 [1988-2725]"
"Northern Africa and Western Asia"," 2013","33.1 [28.0-38.1]","2354 [1990-2707]"
"Northern Africa and Western Asia"," 2012","33.3 [28.3-38.2]","2334 [1984-2678]"
"Northern Africa and Western Asia"," 2011","33.5 [28.5-38.3]","2314 [1969-2648]"
"Northern Africa and Western Asia"," 2010","33.8 [28.8-38.7]","2293 [1954-2620]"
"Northern Africa and Western Asia"," 2009","34.2 [29.3-39.1]","2272 [1944-2593]"
"Northern Africa and Western Asia"," 2008","34.7 [29.7-39.5]","2252 [1928-2566]"
"Northern Africa and Western Asia"," 2007","35.1 [30.1-39.9]","2230 [1914-2534]"
"Northern Africa and Western Asia"," 2006","35.4 [30.4-40.2]","2209 [1896-2508]"
"Northern Africa and Western Asia"," 2005","35.8 [30.7-40.6]","2192 [1882-2484]"
"Northern Africa and Western Asia"," 2004","36.1 [31.0-40.8]","2179 [1872-2462]"
"Northern Africa and Western Asia"," 2003","36.4 [31.3-41.1]","2169 [1864-2450]"
"Northern Africa and Western Asia"," 2002","36.6 [31.5-41.3]","2159 [1861-2440]"
"Northern Africa and Western Asia"," 2001","36.8 [31.6-41.7]","2158 [1851-2444]"
"Northern Africa and Western Asia"," 2000","37.1 [31.7-42.1]","2166 [1853-2457]"
"Western Asia"," 2019","34.1 [26.1-41.9]","1173 [897-1442]"
"Western Asia"," 2018","34.1 [26.6-41.4]","1175 [917-1427]"
"Western Asia"," 2017","34.1 [26.9-41.1]","1180 [932-1423]"
"Western Asia"," 2016","34.1 [27.3-40.8]","1183 [945-1415]"
"Western Asia"," 2015","34.2 [27.5-40.7]","1186 [954-1411]"
"Western Asia"," 2014","34.3 [27.8-40.6]","1189 [963-1408]"
"Western Asia"," 2013","34.4 [28.0-40.6]","1190 [969-1404]"
"Western Asia"," 2012","34.6 [28.2-40.8]","1191 [972-1404]"
"Western Asia"," 2011","34.8 [28.4-40.9]","1191 [971-1400]"
"Western Asia"," 2010","35.1 [28.7-41.3]","1190 [971-1397]"
"Western Asia"," 2009","35.5 [29.0-41.6]","1189 [972-1395]"
"Western Asia"," 2008","35.9 [29.5-42.1]","1188 [976-1392]"
"Western Asia"," 2007","36.3 [29.9-42.6]","1187 [976-1391]"
"Western Asia"," 2006","36.8 [30.2-43.0]","1186 [975-1386]"
"Western Asia"," 2005","37.2 [30.6-43.4]","1185 [975-1384]"
"Western Asia"," 2004","37.5 [30.9-43.8]","1183 [975-1381]"
"Western Asia"," 2003","37.8 [31.2-44.1]","1182 [974-1377]"
"Western Asia"," 2002","38.1 [31.3-44.4]","1180 [969-1374]"
"Western Asia"," 2001","38.4 [31.5-44.8]","1183 [971-1379]"
"Western Asia"," 2000","38.8 [31.8-45.3]","1189 [975-1389]"
"Oceania (9)"," 2019","28.1 [19.3-38.2]","118 [81-161]"
"Oceania (9)"," 2018","28.1 [19.8-37.5]","118 [83-157]"
"Oceania (9)"," 2017","28.0 [20.2-36.9]","117 [84-154]"
"Oceania (9)"," 2016","28.0 [20.5-36.4]","116 [85-151]"
"Oceania (9)"," 2015","27.9 [20.6-36.0]","115 [85-149]"
"Oceania (9)"," 2014","27.9 [20.8-35.6]","115 [85-147]"
"Oceania (9)"," 2013","27.9 [20.8-35.4]","114 [85-145]"
"Oceania (9)"," 2012","27.9 [21.1-35.3]","114 [86-144]"
"Oceania (9)"," 2011","28.0 [21.2-35.2]","113 [85-142]"
"Oceania (9)"," 2010","28.0 [21.3-35.3]","112 [85-141]"
"Oceania (9)"," 2009","28.1 [21.6-35.4]","112 [86-141]"
"Oceania (9)"," 2008","28.3 [21.8-35.6]","111 [85-140]"
"Oceania (9)"," 2007","28.5 [22.0-35.7]","110 [85-138]"
"Oceania (9)"," 2006","28.7 [22.2-36.2]","109 [84-137]"
"Oceania (9)"," 2005","28.9 [22.4-36.4]","108 [83-136]"
"Oceania (9)"," 2004","29.2 [22.5-36.7]","107 [82-134]"
"Oceania (9)"," 2003","29.4 [22.7-37.1]","106 [81-133]"
"Oceania (9)"," 2002","29.6 [22.7-37.3]","105 [80-132]"
"Oceania (9)"," 2001","29.7 [22.6-37.7]","104 [79-132]"
"Oceania (9)"," 2000","29.9 [22.4-38.1]","104 [78-132]"
"Oceania (exc. Australia and New Zealand)"," 2019","43.5 [27.5-52.5]","82 [52-98]"
"Oceania (exc. Australia and New Zealand)"," 2018","43.8 [28.7-52.3]","81 [53-97]"
"Oceania (exc. Australia and New Zealand)"," 2017","44.0 [30.2-52.3]","81 [56-97]"
"Oceania (exc. Australia and New Zealand)"," 2016","44.3 [31.1-52.4]","81 [57-96]"
"Oceania (exc. Australia and New Zealand)"," 2015","44.4 [31.4-52.3]","81 [57-95]"
"Oceania (exc. Australia and New Zealand)"," 2014","44.6 [31.9-52.3]","81 [58-94]"
"Oceania (exc. Australia and New Zealand)"," 2013","44.8 [32.3-52.4]","80 [58-94]"
"Oceania (exc. Australia and New Zealand)"," 2012","45.0 [32.7-52.5]","80 [58-93]"
"Oceania (exc. Australia and New Zealand)"," 2011","45.1 [33.0-52.6]","80 [58-93]"
"Oceania (exc. Australia and New Zealand)"," 2010","45.3 [33.4-52.8]","79 [59-92]"
"Oceania (exc. Australia and New Zealand)"," 2009","45.5 [33.5-52.9]","79 [58-92]"
"Oceania (exc. Australia and New Zealand)"," 2008","45.7 [33.9-53.1]","79 [58-92]"
"Oceania (exc. Australia and New Zealand)"," 2007","45.9 [34.2-53.3]","79 [59-91]"
"Oceania (exc. Australia and New Zealand)"," 2006","46.1 [34.4-53.5]","78 [58-91]"
"Oceania (exc. Australia and New Zealand)"," 2005","46.2 [34.7-53.6]","78 [58-90]"
"Oceania (exc. Australia and New Zealand)"," 2004","46.3 [34.7-53.7]","77 [58-90]"
"Oceania (exc. Australia and New Zealand)"," 2003","46.4 [34.8-53.9]","77 [58-89]"
"Oceania (exc. Australia and New Zealand)"," 2002","46.4 [34.6-53.9]","76 [57-88]"
"Oceania (exc. Australia and New Zealand)"," 2001","46.4 [34.5-54.0]","75 [56-88]"
"Oceania (exc. Australia and New Zealand)"," 2000","46.5 [34.0-54.2]","75 [55-87]"
"Australia and New Zealand"," 2019","15.8 [7.4-31.8]","37 [17-74]"
"Australia and New Zealand"," 2018","15.5 [7.5-30.3]","36 [18-71]"
"Australia and New Zealand"," 2017","15.3 [7.6-29.7]","36 [18-69]"
"Australia and New Zealand"," 2016","15.1 [7.7-28.7]","35 [18-67]"
"Australia and New Zealand"," 2015","14.9 [7.7-28.1]","35 [18-65]"
"Australia and New Zealand"," 2014","14.8 [7.6-27.5]","34 [18-63]"
"Australia and New Zealand"," 2013","14.7 [7.6-27.1]","34 [17-62]"
"Australia and New Zealand"," 2012","14.7 [7.6-26.9]","34 [17-61]"
"Australia and New Zealand"," 2011","14.6 [7.7-26.9]","33 [17-61]"
"Australia and New Zealand"," 2010","14.5 [7.7-26.7]","33 [17-60]"
"Australia and New Zealand"," 2009","14.5 [7.7-26.6]","32 [17-59]"
"Australia and New Zealand"," 2008","14.6 [7.8-26.6]","32 [17-58]"
"Australia and New Zealand"," 2007","14.6 [7.9-26.5]","31 [17-57]"
"Australia and New Zealand"," 2006","14.6 [7.9-26.7]","31 [17-56]"
"Australia and New Zealand"," 2005","14.7 [7.9-27.0]","30 [16-55]"
"Australia and New Zealand"," 2004","14.8 [7.9-27.1]","29 [16-54]"
"Australia and New Zealand"," 2003","14.9 [8.0-27.4]","29 [16-53]"
"Australia and New Zealand"," 2002","15.1 [8.1-27.6]","29 [15-53]"
"Australia and New Zealand"," 2001","15.3 [8.1-28.5]","29 [15-53]"
"Australia and New Zealand"," 2000","15.6 [8.2-28.9]","29 [15-54]"
"Melanesia"," 2019","43.8 [27.3-53.0]","78 [48-94]"
"Melanesia"," 2018","44.1 [28.7-53.0]","78 [51-93]"
"Melanesia"," 2017","44.3 [30.0-52.9]","77 [52-92]"
"Melanesia"," 2016","44.6 [30.8-52.9]","77 [53-92]"
"Melanesia"," 2015","44.7 [31.2-52.9]","77 [54-91]"
"Melanesia"," 2014","44.9 [31.6-52.9]","77 [54-90]"
"Melanesia"," 2013","45.1 [32.1-53.0]","76 [54-90]"
"Melanesia"," 2012","45.3 [32.4-53.0]","76 [54-89]"
"Melanesia"," 2011","45.5 [32.9-53.3]","76 [55-89]"
"Melanesia"," 2010","45.6 [33.1-53.4]","75 [55-88]"
"Melanesia"," 2009","45.9 [33.3-53.6]","75 [55-88]"
"Melanesia"," 2008","46.1 [33.7-53.8]","75 [55-87]"
"Melanesia"," 2007","46.3 [34.0-54.0]","75 [55-87]"
"Melanesia"," 2006","46.5 [34.2-54.2]","74 [55-86]"
"Melanesia"," 2005","46.7 [34.5-54.3]","74 [54-86]"
"Melanesia"," 2004","46.8 [34.6-54.4]","73 [54-85]"
"Melanesia"," 2003","46.8 [34.6-54.6]","73 [54-84]"
"Melanesia"," 2002","46.9 [34.4-54.6]","72 [53-84]"
"Melanesia"," 2001","46.9 [34.6-54.8]","71 [52-83]"
"Melanesia"," 2000","46.9 [33.9-55.0]","70 [51-82]"
"Micronesia"," 2019","38.7 [24.9-49.4]","2 [1-2]"
"Micronesia"," 2018","38.9 [25.8-49.1]","2 [1-2]"
"Micronesia"," 2017","39.1 [26.6-49.1]","2 [1-2]"
"Micronesia"," 2016","39.2 [27.1-49.1]","2 [1-2]"
"Micronesia"," 2015","39.4 [27.4-49.1]","2 [1-2]"
"Micronesia"," 2014","39.4 [27.8-49.1]","2 [1-2]"
"Micronesia"," 2013","39.5 [28.0-49.1]","2 [1-2]"
"Micronesia"," 2012","39.6 [28.0-49.0]","2 [1-2]"
"Micronesia"," 2011","39.6 [28.1-49.1]","2 [1-2]"
"Micronesia"," 2010","39.6 [28.1-49.2]","2 [1-2]"
"Micronesia"," 2009","39.7 [28.1-49.1]","2 [1-2]"
"Micronesia"," 2008","39.8 [28.4-49.2]","2 [1-2]"
"Micronesia"," 2007","39.9 [28.6-49.4]","2 [1-2]"
"Micronesia"," 2006","39.9 [28.6-49.4]","2 [1-2]"
"Micronesia"," 2005","39.9 [28.7-49.4]","2 [1-2]"
"Micronesia"," 2004","40.0 [28.7-49.4]","2 [1-2]"
"Micronesia"," 2003","40.0 [28.7-49.3]","2 [1-2]"
"Micronesia"," 2002","40.0 [28.8-49.5]","2 [1-3]"
"Micronesia"," 2001","40.1 [28.9-49.6]","2 [1-3]"
"Micronesia"," 2000","40.2 [28.7-49.9]","2 [1-3]"
"Polynesia"," 2019","38.0 [23.3-48.9]","2 [1-2]"
"Polynesia"," 2018","38.2 [24.5-48.6]","2 [1-2]"
"Polynesia"," 2017","38.4 [25.5-48.4]","2 [1-2]"
"Polynesia"," 2016","38.6 [26.2-48.3]","2 [1-2]"
"Polynesia"," 2015","38.7 [26.5-48.3]","2 [1-2]"
"Polynesia"," 2014","38.9 [26.9-48.3]","2 [1-2]"
"Polynesia"," 2013","39.0 [27.3-48.3]","2 [1-2]"
"Polynesia"," 2012","38.9 [27.4-48.2]","2 [1-3]"
"Polynesia"," 2011","39.0 [27.6-48.3]","2 [1-3]"
"Polynesia"," 2010","39.1 [27.8-48.5]","2 [1-3]"
"Polynesia"," 2009","39.2 [28.0-48.5]","2 [2-3]"
"Polynesia"," 2008","39.3 [28.3-48.7]","2 [2-3]"
"Polynesia"," 2007","39.5 [28.3-48.8]","2 [2-3]"
"Polynesia"," 2006","39.6 [28.4-49.1]","2 [2-3]"
"Polynesia"," 2005","39.6 [28.5-49.0]","2 [2-3]"
"Polynesia"," 2004","39.6 [28.4-49.0]","2 [2-3]"
"Polynesia"," 2003","39.6 [28.3-49.2]","2 [2-3]"
"Polynesia"," 2002","39.6 [28.2-49.1]","2 [2-3]"
"Polynesia"," 2001","39.7 [28.3-49.2]","2 [2-3]"
"Polynesia"," 2000","39.7 [28.2-49.3]","2 [2-3]"
"Landlocked developing countries (LLDCs)"," 2019","38.7 [35.1-42.3]","3920 [3557-4283]"
"Landlocked developing countries (LLDCs)"," 2018","38.7 [35.5-41.7]","3885 [3565-4193]"
"Landlocked developing countries (LLDCs)"," 2017","38.6 [35.9-41.4]","3851 [3575-4127]"
"Landlocked developing countries (LLDCs)"," 2016","38.6 [36.1-41.2]","3818 [3572-4074]"
"Landlocked developing countries (LLDCs)"," 2015","38.7 [36.3-41.0]","3787 [3557-4018]"
"Landlocked developing countries (LLDCs)"," 2014","38.7 [36.4-41.0]","3751 [3531-3974]"
"Landlocked developing countries (LLDCs)"," 2013","38.8 [36.5-41.0]","3719 [3498-3934]"
"Landlocked developing countries (LLDCs)"," 2012","38.9 [36.6-41.2]","3691 [3472-3902]"
"Landlocked developing countries (LLDCs)"," 2011","39.2 [36.9-41.5]","3665 [3448-3886]"
"Landlocked developing countries (LLDCs)"," 2010","39.5 [37.2-41.9]","3648 [3429-3867]"
"Landlocked developing countries (LLDCs)"," 2009","40.0 [37.6-42.4]","3635 [3421-3857]"
"Landlocked developing countries (LLDCs)"," 2008","40.5 [38.1-42.9]","3626 [3413-3845]"
"Landlocked developing countries (LLDCs)"," 2007","41.1 [38.6-43.6]","3618 [3406-3844]"
"Landlocked developing countries (LLDCs)"," 2006","41.6 [39.1-44.2]","3606 [3389-3834]"
"Landlocked developing countries (LLDCs)"," 2005","42.0 [39.4-44.8]","3587 [3364-3820]"
"Landlocked developing countries (LLDCs)"," 2004","42.5 [39.8-45.2]","3568 [3342-3800]"
"Landlocked developing countries (LLDCs)"," 2003","42.9 [40.1-45.7]","3546 [3314-3778]"
"Landlocked developing countries (LLDCs)"," 2002","43.2 [40.2-46.0]","3521 [3282-3756]"
"Landlocked developing countries (LLDCs)"," 2001","43.5 [40.5-46.5]","3500 [3256-3745]"
"Landlocked developing countries (LLDCs)"," 2000","43.7 [40.6-47.0]","3476 [3226-3732]"
"Least Developed Countries (LDCs)"," 2019","44.0 [40.9-47.0]","8908 [8277-9517]"
"Least Developed Countries (LDCs)"," 2018","44.1 [41.3-46.8]","8839 [8278-9381]"
"Least Developed Countries (LDCs)"," 2017","44.3 [41.8-46.8]","8773 [8268-9263]"
"Least Developed Countries (LDCs)"," 2016","44.5 [42.1-46.8]","8710 [8244-9156]"
"Least Developed Countries (LDCs)"," 2015","44.7 [42.4-46.8]","8651 [8222-9061]"
"Least Developed Countries (LDCs)"," 2014","44.8 [42.7-46.9]","8585 [8181-8973]"
"Least Developed Countries (LDCs)"," 2013","45.0 [43.0-47.0]","8527 [8136-8897]"
"Least Developed Countries (LDCs)"," 2012","45.3 [43.2-47.2]","8478 [8095-8835]"
"Least Developed Countries (LDCs)"," 2011","45.5 [43.5-47.4]","8434 [8056-8779]"
"Least Developed Countries (LDCs)"," 2010","45.9 [43.8-47.7]","8402 [8030-8741]"
"Least Developed Countries (LDCs)"," 2009","46.3 [44.2-48.2]","8378 [8007-8722]"
"Least Developed Countries (LDCs)"," 2008","46.7 [44.6-48.6]","8359 [7989-8705]"
"Least Developed Countries (LDCs)"," 2007","47.1 [45.0-49.0]","8340 [7970-8686]"
"Least Developed Countries (LDCs)"," 2006","47.5 [45.4-49.5]","8311 [7939-8663]"
"Least Developed Countries (LDCs)"," 2005","47.8 [45.6-49.8]","8271 [7892-8620]"
"Least Developed Countries (LDCs)"," 2004","48.1 [45.9-50.2]","8224 [7845-8582]"
"Least Developed Countries (LDCs)"," 2003","48.4 [46.2-50.5]","8160 [7787-8516]"
"Least Developed Countries (LDCs)"," 2002","48.6 [46.3-50.8]","8087 [7710-8462]"
"Least Developed Countries (LDCs)"," 2001","48.8 [46.4-51.1]","8012 [7623-8397]"
"Least Developed Countries (LDCs)"," 2000","49.0 [46.5-51.5]","7929 [7532-8333]"
"Small island developing States (SIDS)"," 2019","36.8 [31.1-42.6]","286 [242-331]"
"Small island developing States (SIDS)"," 2018","36.8 [31.5-42.3]","287 [246-331]"
"Small island developing States (SIDS)"," 2017","36.9 [31.8-42.1]","289 [249-330]"
"Small island developing States (SIDS)"," 2016","36.9 [32.1-41.9]","290 [252-330]"
"Small island developing States (SIDS)"," 2015","37.0 [32.3-41.8]","292 [255-330]"
"Small island developing States (SIDS)"," 2014","37.1 [32.4-41.8]","293 [256-330]"
"Small island developing States (SIDS)"," 2013","37.1 [32.6-41.7]","294 [258-330]"
"Small island developing States (SIDS)"," 2012","37.3 [32.7-41.7]","295 [259-330]"
"Small island developing States (SIDS)"," 2011","37.4 [32.9-41.8]","296 [261-331]"
"Small island developing States (SIDS)"," 2010","37.6 [33.1-42.1]","297 [262-333]"
"Small island developing States (SIDS)"," 2009","37.9 [33.4-42.3]","299 [263-334]"
"Small island developing States (SIDS)"," 2008","38.2 [33.7-42.6]","301 [266-336]"
"Small island developing States (SIDS)"," 2007","38.6 [34.2-43.0]","304 [269-339]"
"Small island developing States (SIDS)"," 2006","39.0 [34.4-43.4]","307 [271-341]"
"Small island developing States (SIDS)"," 2005","39.3 [34.8-43.7]","310 [274-344]"
"Small island developing States (SIDS)"," 2004","39.6 [35.0-44.1]","313 [276-348]"
"Small island developing States (SIDS)"," 2003","39.9 [35.1-44.4]","315 [277-351]"
"Small island developing States (SIDS)"," 2002","40.1 [35.3-44.7]","317 [279-354]"
"Small island developing States (SIDS)"," 2001","40.3 [35.5-45.0]","320 [282-357]"
"Small island developing States (SIDS)"," 2000","40.5 [35.6-45.3]","322 [283-361]"
